#,Name,Type 1,Type 2,Total,HP,Attack,Defense,Sp. Atk,Sp. Def,Speed,Generation,Legendary,A/D Ratio,Combo Type
1,Bulbasaur,Grass,Poison,318,45,49,49,65,65,45,1,False,1.0,Grass-Poison
2,Ivysaur,Grass,Poison,405,60,62,63,80,80,60,1,False,0.9841269841269841,Grass-Poison
3,Venusaur,Grass,Poison,525,80,82,83,100,100,80,1,False,0.9879518072289156,Grass-Poison
3,Mega Venusaur,Grass,Poison,625,80,100,123,122,120,80,1,False,0.8130081300813008,Grass-Poison
4,Charmander,Fire,,309,39,52,43,60,50,65,1,False,1.2093023255813953,Fire
5,Charmeleon,Fire,,405,58,64,58,80,65,80,1,False,1.103448275862069,Fire
6,Charizard,Fire,Flying,534,78,84,78,109,85,100,1,False,1.0769230769230769,Fire-Flying
6,Mega Charizard X,Fire,Dragon,634,78,130,111,130,85,100,1,False,1.1711711711711712,Fire-Dragon
6,Mega Charizard Y,Fire,Flying,634,78,104,78,159,115,100,1,False,1.3333333333333333,Fire-Flying
7,Squirtle,Water,,314,44,48,65,50,64,43,1,False,0.7384615384615385,Water
8,Wartortle,Water,,405,59,63,80,65,80,58,1,False,0.7875,Water
9,Blastoise,Water,,530,79,83,100,85,105,78,1,False,0.83,Water
9,Mega Blastoise,Water,,630,79,103,120,135,115,78,1,False,0.8583333333333333,Water
10,Caterpie,Bug,,195,45,30,35,20,20,45,1,False,0.8571428571428571,Bug
11,Metapod,Bug,,205,50,20,55,25,25,30,1,False,0.36363636363636365,Bug
12,Butterfree,Bug,Flying,395,60,45,50,90,80,70,1,False,0.9,Bug-Flying
13,Weedle,Bug,Poison,195,40,35,30,20,20,50,1,False,1.1666666666666667,Bug-Poison
14,Kakuna,Bug,Poison,205,45,25,50,25,25,35,1,False,0.5,Bug-Poison
15,Beedrill,Bug,Poison,395,65,90,40,45,80,75,1,False,2.25,Bug-Poison
15,Mega Beedrill,Bug,Poison,495,65,150,40,15,80,145,1,False,3.75,Bug-Poison
16,Pidgey,Normal,Flying,251,40,45,40,35,35,56,1,False,1.125,Normal-Flying
17,Pidgeotto,Normal,Flying,349,63,60,55,50,50,71,1,False,1.0909090909090908,Normal-Flying
18,Pidgeot,Normal,Flying,479,83,80,75,70,70,101,1,False,1.0666666666666667,Normal-Flying
18,Mega Pidgeot,Normal,Flying,579,83,80,80,135,80,121,1,False,1.0,Normal-Flying
19,Rattata,Normal,,253,30,56,35,25,35,72,1,False,1.6,Normal
20,Raticate,Normal,,413,55,81,60,50,70,97,1,False,1.35,Normal
21,Spearow,Normal,Flying,262,40,60,30,31,31,70,1,False,2.0,Normal-Flying
22,Fearow,Normal,Flying,442,65,90,65,61,61,100,1,False,1.3846153846153846,Normal-Flying
23,Ekans,Poison,,288,35,60,44,40,54,55,1,False,1.3636363636363635,Poison
24,Arbok,Poison,,438,60,85,69,65,79,80,1,False,1.2318840579710144,Poison
25,Pikachu,Electric,,320,35,55,40,50,50,90,1,False,1.375,Electric
26,Raichu,Electric,,485,60,90,55,90,80,110,1,False,1.6363636363636365,Electric
27,Sandshrew,Ground,,300,50,75,85,20,30,40,1,False,0.8823529411764706,Ground
28,Sandslash,Ground,,450,75,100,110,45,55,65,1,False,0.9090909090909091,Ground
29,Nidoran♀,Poison,,275,55,47,52,40,40,41,1,False,0.9038461538461539,Poison
30,Nidorina,Poison,,365,70,62,67,55,55,56,1,False,0.9253731343283582,Poison
31,Nidoqueen,Poison,Ground,505,90,92,87,75,85,76,1,False,1.0574712643678161,Poison-Ground
32,Nidoran♂,Poison,,273,46,57,40,40,40,50,1,False,1.425,Poison
33,Nidorino,Poison,,365,61,72,57,55,55,65,1,False,1.263157894736842,Poison
34,Nidoking,Poison,Ground,505,81,102,77,85,75,85,1,False,1.3246753246753247,Poison-Ground
35,Clefairy,Fairy,,323,70,45,48,60,65,35,1,False,0.9375,Fairy
36,Clefable,Fairy,,483,95,70,73,95,90,60,1,False,0.958904109589041,Fairy
37,Vulpix,Fire,,299,38,41,40,50,65,65,1,False,1.025,Fire
38,Ninetales,Fire,,505,73,76,75,81,100,100,1,False,1.0133333333333334,Fire
39,Jigglypuff,Normal,Fairy,270,115,45,20,45,25,20,1,False,2.25,Normal-Fairy
40,Wigglytuff,Normal,Fairy,435,140,70,45,85,50,45,1,False,1.5555555555555556,Normal-Fairy
41,Zubat,Poison,Flying,245,40,45,35,30,40,55,1,False,1.2857142857142858,Poison-Flying
42,Golbat,Poison,Flying,455,75,80,70,65,75,90,1,False,1.1428571428571428,Poison-Flying
43,Oddish,Grass,Poison,320,45,50,55,75,65,30,1,False,0.9090909090909091,Grass-Poison
44,Gloom,Grass,Poison,395,60,65,70,85,75,40,1,False,0.9285714285714286,Grass-Poison
45,Vileplume,Grass,Poison,490,75,80,85,110,90,50,1,False,0.9411764705882353,Grass-Poison
46,Paras,Bug,Grass,285,35,70,55,45,55,25,1,False,1.2727272727272727,Bug-Grass
47,Parasect,Bug,Grass,405,60,95,80,60,80,30,1,False,1.1875,Bug-Grass
48,Venonat,Bug,Poison,305,60,55,50,40,55,45,1,False,1.1,Bug-Poison
49,Venomoth,Bug,Poison,450,70,65,60,90,75,90,1,False,1.0833333333333333,Bug-Poison
50,Diglett,Ground,,265,10,55,25,35,45,95,1,False,2.2,Ground
51,Dugtrio,Ground,,405,35,80,50,50,70,120,1,False,1.6,Ground
52,Meowth,Normal,,290,40,45,35,40,40,90,1,False,1.2857142857142858,Normal
53,Persian,Normal,,440,65,70,60,65,65,115,1,False,1.1666666666666667,Normal
54,Psyduck,Water,,320,50,52,48,65,50,55,1,False,1.0833333333333333,Water
55,Golduck,Water,,500,80,82,78,95,80,85,1,False,1.0512820512820513,Water
56,Mankey,Fighting,,305,40,80,35,35,45,70,1,False,2.2857142857142856,Fighting
57,Primeape,Fighting,,455,65,105,60,60,70,95,1,False,1.75,Fighting
58,Growlithe,Fire,,350,55,70,45,70,50,60,1,False,1.5555555555555556,Fire
59,Arcanine,Fire,,555,90,110,80,100,80,95,1,False,1.375,Fire
60,Poliwag,Water,,300,40,50,40,40,40,90,1,False,1.25,Water
61,Poliwhirl,Water,,385,65,65,65,50,50,90,1,False,1.0,Water
62,Poliwrath,Water,Fighting,510,90,95,95,70,90,70,1,False,1.0,Water-Fighting
63,Abra,Psychic,,310,25,20,15,105,55,90,1,False,1.3333333333333333,Psychic
64,Kadabra,Psychic,,400,40,35,30,120,70,105,1,False,1.1666666666666667,Psychic
65,Alakazam,Psychic,,500,55,50,45,135,95,120,1,False,1.1111111111111112,Psychic
65,Mega Alakazam,Psychic,,590,55,50,65,175,95,150,1,False,0.7692307692307693,Psychic
66,Machop,Fighting,,305,70,80,50,35,35,35,1,False,1.6,Fighting
67,Machoke,Fighting,,405,80,100,70,50,60,45,1,False,1.4285714285714286,Fighting
68,Machamp,Fighting,,505,90,130,80,65,85,55,1,False,1.625,Fighting
69,Bellsprout,Grass,Poison,300,50,75,35,70,30,40,1,False,2.142857142857143,Grass-Poison
70,Weepinbell,Grass,Poison,390,65,90,50,85,45,55,1,False,1.8,Grass-Poison
71,Victreebel,Grass,Poison,490,80,105,65,100,70,70,1,False,1.6153846153846154,Grass-Poison
72,Tentacool,Water,Poison,335,40,40,35,50,100,70,1,False,1.1428571428571428,Water-Poison
73,Tentacruel,Water,Poison,515,80,70,65,80,120,100,1,False,1.0769230769230769,Water-Poison
74,Geodude,Rock,Ground,300,40,80,100,30,30,20,1,False,0.8,Rock-Ground
75,Graveler,Rock,Ground,390,55,95,115,45,45,35,1,False,0.8260869565217391,Rock-Ground
76,Golem,Rock,Ground,495,80,120,130,55,65,45,1,False,0.9230769230769231,Rock-Ground
77,Ponyta,Fire,,410,50,85,55,65,65,90,1,False,1.5454545454545454,Fire
78,Rapidash,Fire,,500,65,100,70,80,80,105,1,False,1.4285714285714286,Fire
79,Slowpoke,Water,Psychic,315,90,65,65,40,40,15,1,False,1.0,Water-Psychic
80,Slowbro,Water,Psychic,490,95,75,110,100,80,30,1,False,0.6818181818181818,Water-Psychic
80,Mega Slowbro,Water,Psychic,590,95,75,180,130,80,30,1,False,0.4166666666666667,Water-Psychic
81,Magnemite,Electric,Steel,325,25,35,70,95,55,45,1,False,0.5,Electric-Steel
82,Magneton,Electric,Steel,465,50,60,95,120,70,70,1,False,0.631578947368421,Electric-Steel
83,Farfetch'd,Normal,Flying,352,52,65,55,58,62,60,1,False,1.1818181818181819,Normal-Flying
84,Doduo,Normal,Flying,310,35,85,45,35,35,75,1,False,1.8888888888888888,Normal-Flying
85,Dodrio,Normal,Flying,460,60,110,70,60,60,100,1,False,1.5714285714285714,Normal-Flying
86,Seel,Water,,325,65,45,55,45,70,45,1,False,0.8181818181818182,Water
87,Dewgong,Water,Ice,475,90,70,80,70,95,70,1,False,0.875,Water-Ice
88,Grimer,Poison,,325,80,80,50,40,50,25,1,False,1.6,Poison
89,Muk,Poison,,500,105,105,75,65,100,50,1,False,1.4,Poison
90,Shellder,Water,,305,30,65,100,45,25,40,1,False,0.65,Water
91,Cloyster,Water,Ice,525,50,95,180,85,45,70,1,False,0.5277777777777778,Water-Ice
92,Gastly,Ghost,Poison,310,30,35,30,100,35,80,1,False,1.1666666666666667,Ghost-Poison
93,Haunter,Ghost,Poison,405,45,50,45,115,55,95,1,False,1.1111111111111112,Ghost-Poison
94,Gengar,Ghost,Poison,500,60,65,60,130,75,110,1,False,1.0833333333333333,Ghost-Poison
94,Mega Gengar,Ghost,Poison,600,60,65,80,170,95,130,1,False,0.8125,Ghost-Poison
95,Onix,Rock,Ground,385,35,45,160,30,45,70,1,False,0.28125,Rock-Ground
96,Drowzee,Psychic,,328,60,48,45,43,90,42,1,False,1.0666666666666667,Psychic
97,Hypno,Psychic,,483,85,73,70,73,115,67,1,False,1.042857142857143,Psychic
98,Krabby,Water,,325,30,105,90,25,25,50,1,False,1.1666666666666667,Water
99,Kingler,Water,,475,55,130,115,50,50,75,1,False,1.1304347826086956,Water
100,Voltorb,Electric,,330,40,30,50,55,55,100,1,False,0.6,Electric
101,Electrode,Electric,,480,60,50,70,80,80,140,1,False,0.7142857142857143,Electric
102,Exeggcute,Grass,Psychic,325,60,40,80,60,45,40,1,False,0.5,Grass-Psychic
103,Exeggutor,Grass,Psychic,520,95,95,85,125,65,55,1,False,1.1176470588235294,Grass-Psychic
104,Cubone,Ground,,320,50,50,95,40,50,35,1,False,0.5263157894736842,Ground
105,Marowak,Ground,,425,60,80,110,50,80,45,1,False,0.7272727272727273,Ground
106,Hitmonlee,Fighting,,455,50,120,53,35,110,87,1,False,2.2641509433962264,Fighting
107,Hitmonchan,Fighting,,455,50,105,79,35,110,76,1,False,1.3291139240506329,Fighting
108,Lickitung,Normal,,385,90,55,75,60,75,30,1,False,0.7333333333333333,Normal
109,Koffing,Poison,,340,40,65,95,60,45,35,1,False,0.6842105263157895,Poison
110,Weezing,Poison,,490,65,90,120,85,70,60,1,False,0.75,Poison
111,Rhyhorn,Ground,Rock,345,80,85,95,30,30,25,1,False,0.8947368421052632,Ground-Rock
112,Rhydon,Ground,Rock,485,105,130,120,45,45,40,1,False,1.0833333333333333,Ground-Rock
113,Chansey,Normal,,450,250,5,5,35,105,50,1,False,1.0,Normal
114,Tangela,Grass,,435,65,55,115,100,40,60,1,False,0.4782608695652174,Grass
115,Kangaskhan,Normal,,490,105,95,80,40,80,90,1,False,1.1875,Normal
115,Mega Kangaskhan,Normal,,590,105,125,100,60,100,100,1,False,1.25,Normal
116,Horsea,Water,,295,30,40,70,70,25,60,1,False,0.5714285714285714,Water
117,Seadra,Water,,440,55,65,95,95,45,85,1,False,0.6842105263157895,Water
118,Goldeen,Water,,320,45,67,60,35,50,63,1,False,1.1166666666666667,Water
119,Seaking,Water,,450,80,92,65,65,80,68,1,False,1.4153846153846155,Water
120,Staryu,Water,,340,30,45,55,70,55,85,1,False,0.8181818181818182,Water
121,Starmie,Water,Psychic,520,60,75,85,100,85,115,1,False,0.8823529411764706,Water-Psychic
122,Mr. Mime,Psychic,Fairy,460,40,45,65,100,120,90,1,False,0.6923076923076923,Psychic-Fairy
123,Scyther,Bug,Flying,500,70,110,80,55,80,105,1,False,1.375,Bug-Flying
124,Jynx,Ice,Psychic,455,65,50,35,115,95,95,1,False,1.4285714285714286,Ice-Psychic
125,Electabuzz,Electric,,490,65,83,57,95,85,105,1,False,1.456140350877193,Electric
126,Magmar,Fire,,495,65,95,57,100,85,93,1,False,1.6666666666666667,Fire
127,Pinsir,Bug,,500,65,125,100,55,70,85,1,False,1.25,Bug
127,Mega Pinsir,Bug,Flying,600,65,155,120,65,90,105,1,False,1.2916666666666667,Bug-Flying
128,Tauros,Normal,,490,75,100,95,40,70,110,1,False,1.0526315789473684,Normal
129,Magikarp,Water,,200,20,10,55,15,20,80,1,False,0.18181818181818182,Water
130,Gyarados,Water,Flying,540,95,125,79,60,100,81,1,False,1.5822784810126582,Water-Flying
130,Mega Gyarados,Water,Dark,640,95,155,109,70,130,81,1,False,1.4220183486238531,Water-Dark
131,Lapras,Water,Ice,535,130,85,80,85,95,60,1,False,1.0625,Water-Ice
132,Ditto,Normal,,288,48,48,48,48,48,48,1,False,1.0,Normal
133,Eevee,Normal,,325,55,55,50,45,65,55,1,False,1.1,Normal
134,Vaporeon,Water,,525,130,65,60,110,95,65,1,False,1.0833333333333333,Water
135,Jolteon,Electric,,525,65,65,60,110,95,130,1,False,1.0833333333333333,Electric
136,Flareon,Fire,,525,65,130,60,95,110,65,1,False,2.1666666666666665,Fire
137,Porygon,Normal,,395,65,60,70,85,75,40,1,False,0.8571428571428571,Normal
138,Omanyte,Rock,Water,355,35,40,100,90,55,35,1,False,0.4,Rock-Water
139,Omastar,Rock,Water,495,70,60,125,115,70,55,1,False,0.48,Rock-Water
140,Kabuto,Rock,Water,355,30,80,90,55,45,55,1,False,0.8888888888888888,Rock-Water
141,Kabutops,Rock,Water,495,60,115,105,65,70,80,1,False,1.0952380952380953,Rock-Water
142,Aerodactyl,Rock,Flying,515,80,105,65,60,75,130,1,False,1.6153846153846154,Rock-Flying
142,Mega Aerodactyl,Rock,Flying,615,80,135,85,70,95,150,1,False,1.588235294117647,Rock-Flying
143,Snorlax,Normal,,540,160,110,65,65,110,30,1,False,1.6923076923076923,Normal
144,Articuno,Ice,Flying,580,90,85,100,95,125,85,1,True,0.85,Ice-Flying
145,Zapdos,Electric,Flying,580,90,90,85,125,90,100,1,True,1.0588235294117647,Electric-Flying
146,Moltres,Fire,Flying,580,90,100,90,125,85,90,1,True,1.1111111111111112,Fire-Flying
147,Dratini,Dragon,,300,41,64,45,50,50,50,1,False,1.4222222222222223,Dragon
148,Dragonair,Dragon,,420,61,84,65,70,70,70,1,False,1.2923076923076924,Dragon
149,Dragonite,Dragon,Flying,600,91,134,95,100,100,80,1,False,1.4105263157894736,Dragon-Flying
150,Mewtwo,Psychic,,680,106,110,90,154,90,130,1,True,1.2222222222222223,Psychic
150,Mega Mewtwo X,Psychic,Fighting,780,106,190,100,154,100,130,1,True,1.9,Psychic-Fighting
150,Mega Mewtwo Y,Psychic,,780,106,150,70,194,120,140,1,True,2.142857142857143,Psychic
151,Mew,Psychic,,600,100,100,100,100,100,100,1,False,1.0,Psychic
152,Chikorita,Grass,,318,45,49,65,49,65,45,2,False,0.7538461538461538,Grass
153,Bayleef,Grass,,405,60,62,80,63,80,60,2,False,0.775,Grass
154,Meganium,Grass,,525,80,82,100,83,100,80,2,False,0.82,Grass
155,Cyndaquil,Fire,,309,39,52,43,60,50,65,2,False,1.2093023255813953,Fire
156,Quilava,Fire,,405,58,64,58,80,65,80,2,False,1.103448275862069,Fire
157,Typhlosion,Fire,,534,78,84,78,109,85,100,2,False,1.0769230769230769,Fire
158,Totodile,Water,,314,50,65,64,44,48,43,2,False,1.015625,Water
159,Croconaw,Water,,405,65,80,80,59,63,58,2,False,1.0,Water
160,Feraligatr,Water,,530,85,105,100,79,83,78,2,False,1.05,Water
161,Sentret,Normal,,215,35,46,34,35,45,20,2,False,1.3529411764705883,Normal
162,Furret,Normal,,415,85,76,64,45,55,90,2,False,1.1875,Normal
163,Hoothoot,Normal,Flying,262,60,30,30,36,56,50,2,False,1.0,Normal-Flying
164,Noctowl,Normal,Flying,442,100,50,50,76,96,70,2,False,1.0,Normal-Flying
165,Ledyba,Bug,Flying,265,40,20,30,40,80,55,2,False,0.6666666666666666,Bug-Flying
166,Ledian,Bug,Flying,390,55,35,50,55,110,85,2,False,0.7,Bug-Flying
167,Spinarak,Bug,Poison,250,40,60,40,40,40,30,2,False,1.5,Bug-Poison
168,Ariados,Bug,Poison,390,70,90,70,60,60,40,2,False,1.2857142857142858,Bug-Poison
169,Crobat,Poison,Flying,535,85,90,80,70,80,130,2,False,1.125,Poison-Flying
170,Chinchou,Water,Electric,330,75,38,38,56,56,67,2,False,1.0,Water-Electric
171,Lanturn,Water,Electric,460,125,58,58,76,76,67,2,False,1.0,Water-Electric
172,Pichu,Electric,,205,20,40,15,35,35,60,2,False,2.6666666666666665,Electric
173,Cleffa,Fairy,,218,50,25,28,45,55,15,2,False,0.8928571428571429,Fairy
174,Igglybuff,Normal,Fairy,210,90,30,15,40,20,15,2,False,2.0,Normal-Fairy
175,Togepi,Fairy,,245,35,20,65,40,65,20,2,False,0.3076923076923077,Fairy
176,Togetic,Fairy,Flying,405,55,40,85,80,105,40,2,False,0.47058823529411764,Fairy-Flying
177,Natu,Psychic,Flying,320,40,50,45,70,45,70,2,False,1.1111111111111112,Psychic-Flying
178,Xatu,Psychic,Flying,470,65,75,70,95,70,95,2,False,1.0714285714285714,Psychic-Flying
179,Mareep,Electric,,280,55,40,40,65,45,35,2,False,1.0,Electric
180,Flaaffy,Electric,,365,70,55,55,80,60,45,2,False,1.0,Electric
181,Ampharos,Electric,,510,90,75,85,115,90,55,2,False,0.8823529411764706,Electric
181,Mega Ampharos,Electric,Dragon,610,90,95,105,165,110,45,2,False,0.9047619047619048,Electric-Dragon
182,Bellossom,Grass,,490,75,80,95,90,100,50,2,False,0.8421052631578947,Grass
183,Marill,Water,Fairy,250,70,20,50,20,50,40,2,False,0.4,Water-Fairy
184,Azumarill,Water,Fairy,420,100,50,80,60,80,50,2,False,0.625,Water-Fairy
185,Sudowoodo,Rock,,410,70,100,115,30,65,30,2,False,0.8695652173913043,Rock
186,Politoed,Water,,500,90,75,75,90,100,70,2,False,1.0,Water
187,Hoppip,Grass,Flying,250,35,35,40,35,55,50,2,False,0.875,Grass-Flying
188,Skiploom,Grass,Flying,340,55,45,50,45,65,80,2,False,0.9,Grass-Flying
189,Jumpluff,Grass,Flying,460,75,55,70,55,95,110,2,False,0.7857142857142857,Grass-Flying
190,Aipom,Normal,,360,55,70,55,40,55,85,2,False,1.2727272727272727,Normal
191,Sunkern,Grass,,180,30,30,30,30,30,30,2,False,1.0,Grass
192,Sunflora,Grass,,425,75,75,55,105,85,30,2,False,1.3636363636363635,Grass
193,Yanma,Bug,Flying,390,65,65,45,75,45,95,2,False,1.4444444444444444,Bug-Flying
194,Wooper,Water,Ground,210,55,45,45,25,25,15,2,False,1.0,Water-Ground
195,Quagsire,Water,Ground,430,95,85,85,65,65,35,2,False,1.0,Water-Ground
196,Espeon,Psychic,,525,65,65,60,130,95,110,2,False,1.0833333333333333,Psychic
197,Umbreon,Dark,,525,95,65,110,60,130,65,2,False,0.5909090909090909,Dark
198,Murkrow,Dark,Flying,405,60,85,42,85,42,91,2,False,2.0238095238095237,Dark-Flying
199,Slowking,Water,Psychic,490,95,75,80,100,110,30,2,False,0.9375,Water-Psychic
200,Misdreavus,Ghost,,435,60,60,60,85,85,85,2,False,1.0,Ghost
201,Unown,Psychic,,336,48,72,48,72,48,48,2,False,1.5,Psychic
202,Wobbuffet,Psychic,,405,190,33,58,33,58,33,2,False,0.5689655172413793,Psychic
203,Girafarig,Normal,Psychic,455,70,80,65,90,65,85,2,False,1.2307692307692308,Normal-Psychic
204,Pineco,Bug,,290,50,65,90,35,35,15,2,False,0.7222222222222222,Bug
205,Forretress,Bug,Steel,465,75,90,140,60,60,40,2,False,0.6428571428571429,Bug-Steel
206,Dunsparce,Normal,,415,100,70,70,65,65,45,2,False,1.0,Normal
207,Gligar,Ground,Flying,430,65,75,105,35,65,85,2,False,0.7142857142857143,Ground-Flying
208,Steelix,Steel,Ground,510,75,85,200,55,65,30,2,False,0.425,Steel-Ground
208,Mega Steelix,Steel,Ground,610,75,125,230,55,95,30,2,False,0.5434782608695652,Steel-Ground
209,Snubbull,Fairy,,300,60,80,50,40,40,30,2,False,1.6,Fairy
210,Granbull,Fairy,,450,90,120,75,60,60,45,2,False,1.6,Fairy
211,Qwilfish,Water,Poison,430,65,95,75,55,55,85,2,False,1.2666666666666666,Water-Poison
212,Scizor,Bug,Steel,500,70,130,100,55,80,65,2,False,1.3,Bug-Steel
212,Mega Scizor,Bug,Steel,600,70,150,140,65,100,75,2,False,1.0714285714285714,Bug-Steel
213,Shuckle,Bug,Rock,505,20,10,230,10,230,5,2,False,0.043478260869565216,Bug-Rock
214,Heracross,Bug,Fighting,500,80,125,75,40,95,85,2,False,1.6666666666666667,Bug-Fighting
214,Mega Heracross,Bug,Fighting,600,80,185,115,40,105,75,2,False,1.608695652173913,Bug-Fighting
215,Sneasel,Dark,Ice,430,55,95,55,35,75,115,2,False,1.7272727272727273,Dark-Ice
216,Teddiursa,Normal,,330,60,80,50,50,50,40,2,False,1.6,Normal
217,Ursaring,Normal,,500,90,130,75,75,75,55,2,False,1.7333333333333334,Normal
218,Slugma,Fire,,250,40,40,40,70,40,20,2,False,1.0,Fire
219,Magcargo,Fire,Rock,410,50,50,120,80,80,30,2,False,0.4166666666666667,Fire-Rock
220,Swinub,Ice,Ground,250,50,50,40,30,30,50,2,False,1.25,Ice-Ground
221,Piloswine,Ice,Ground,450,100,100,80,60,60,50,2,False,1.25,Ice-Ground
222,Corsola,Water,Rock,380,55,55,85,65,85,35,2,False,0.6470588235294118,Water-Rock
223,Remoraid,Water,,300,35,65,35,65,35,65,2,False,1.8571428571428572,Water
224,Octillery,Water,,480,75,105,75,105,75,45,2,False,1.4,Water
225,Delibird,Ice,Flying,330,45,55,45,65,45,75,2,False,1.2222222222222223,Ice-Flying
226,Mantine,Water,Flying,465,65,40,70,80,140,70,2,False,0.5714285714285714,Water-Flying
227,Skarmory,Steel,Flying,465,65,80,140,40,70,70,2,False,0.5714285714285714,Steel-Flying
228,Houndour,Dark,Fire,330,45,60,30,80,50,65,2,False,2.0,Dark-Fire
229,Houndoom,Dark,Fire,500,75,90,50,110,80,95,2,False,1.8,Dark-Fire
229,Mega Houndoom,Dark,Fire,600,75,90,90,140,90,115,2,False,1.0,Dark-Fire
230,Kingdra,Water,Dragon,540,75,95,95,95,95,85,2,False,1.0,Water-Dragon
231,Phanpy,Ground,,330,90,60,60,40,40,40,2,False,1.0,Ground
232,Donphan,Ground,,500,90,120,120,60,60,50,2,False,1.0,Ground
233,Porygon2,Normal,,515,85,80,90,105,95,60,2,False,0.8888888888888888,Normal
234,Stantler,Normal,,465,73,95,62,85,65,85,2,False,1.532258064516129,Normal
235,Smeargle,Normal,,250,55,20,35,20,45,75,2,False,0.5714285714285714,Normal
236,Tyrogue,Fighting,,210,35,35,35,35,35,35,2,False,1.0,Fighting
237,Hitmontop,Fighting,,455,50,95,95,35,110,70,2,False,1.0,Fighting
238,Smoochum,Ice,Psychic,305,45,30,15,85,65,65,2,False,2.0,Ice-Psychic
239,Elekid,Electric,,360,45,63,37,65,55,95,2,False,1.7027027027027026,Electric
240,Magby,Fire,,365,45,75,37,70,55,83,2,False,2.027027027027027,Fire
241,Miltank,Normal,,490,95,80,105,40,70,100,2,False,0.7619047619047619,Normal
242,Blissey,Normal,,540,255,10,10,75,135,55,2,False,1.0,Normal
243,Raikou,Electric,,580,90,85,75,115,100,115,2,True,1.1333333333333333,Electric
244,Entei,Fire,,580,115,115,85,90,75,100,2,True,1.3529411764705883,Fire
245,Suicune,Water,,580,100,75,115,90,115,85,2,True,0.6521739130434783,Water
246,Larvitar,Rock,Ground,300,50,64,50,45,50,41,2,False,1.28,Rock-Ground
247,Pupitar,Rock,Ground,410,70,84,70,65,70,51,2,False,1.2,Rock-Ground
248,Tyranitar,Rock,Dark,600,100,134,110,95,100,61,2,False,1.2181818181818183,Rock-Dark
248,Mega Tyranitar,Rock,Dark,700,100,164,150,95,120,71,2,False,1.0933333333333333,Rock-Dark
249,Lugia,Psychic,Flying,680,106,90,130,90,154,110,2,True,0.6923076923076923,Psychic-Flying
250,Ho-oh,Fire,Flying,680,106,130,90,110,154,90,2,True,1.4444444444444444,Fire-Flying
251,Celebi,Psychic,Grass,600,100,100,100,100,100,100,2,False,1.0,Psychic-Grass
252,Treecko,Grass,,310,40,45,35,65,55,70,3,False,1.2857142857142858,Grass
253,Grovyle,Grass,,405,50,65,45,85,65,95,3,False,1.4444444444444444,Grass
254,Sceptile,Grass,,530,70,85,65,105,85,120,3,False,1.3076923076923077,Grass
254,Mega Sceptile,Grass,Dragon,630,70,110,75,145,85,145,3,False,1.4666666666666666,Grass-Dragon
255,Torchic,Fire,,310,45,60,40,70,50,45,3,False,1.5,Fire
256,Combusken,Fire,Fighting,405,60,85,60,85,60,55,3,False,1.4166666666666667,Fire-Fighting
257,Blaziken,Fire,Fighting,530,80,120,70,110,70,80,3,False,1.7142857142857142,Fire-Fighting
257,Mega Blaziken,Fire,Fighting,630,80,160,80,130,80,100,3,False,2.0,Fire-Fighting
258,Mudkip,Water,,310,50,70,50,50,50,40,3,False,1.4,Water
259,Marshtomp,Water,Ground,405,70,85,70,60,70,50,3,False,1.2142857142857142,Water-Ground
260,Swampert,Water,Ground,535,100,110,90,85,90,60,3,False,1.2222222222222223,Water-Ground
260,Mega Swampert,Water,Ground,635,100,150,110,95,110,70,3,False,1.3636363636363635,Water-Ground
261,Poochyena,Dark,,220,35,55,35,30,30,35,3,False,1.5714285714285714,Dark
262,Mightyena,Dark,,420,70,90,70,60,60,70,3,False,1.2857142857142858,Dark
263,Zigzagoon,Normal,,240,38,30,41,30,41,60,3,False,0.7317073170731707,Normal
264,Linoone,Normal,,420,78,70,61,50,61,100,3,False,1.1475409836065573,Normal
265,Wurmple,Bug,,195,45,45,35,20,30,20,3,False,1.2857142857142858,Bug
266,Silcoon,Bug,,205,50,35,55,25,25,15,3,False,0.6363636363636364,Bug
267,Beautifly,Bug,Flying,395,60,70,50,100,50,65,3,False,1.4,Bug-Flying
268,Cascoon,Bug,,205,50,35,55,25,25,15,3,False,0.6363636363636364,Bug
269,Dustox,Bug,Poison,385,60,50,70,50,90,65,3,False,0.7142857142857143,Bug-Poison
270,Lotad,Water,Grass,220,40,30,30,40,50,30,3,False,1.0,Water-Grass
271,Lombre,Water,Grass,340,60,50,50,60,70,50,3,False,1.0,Water-Grass
272,Ludicolo,Water,Grass,480,80,70,70,90,100,70,3,False,1.0,Water-Grass
273,Seedot,Grass,,220,40,40,50,30,30,30,3,False,0.8,Grass
274,Nuzleaf,Grass,Dark,340,70,70,40,60,40,60,3,False,1.75,Grass-Dark
275,Shiftry,Grass,Dark,480,90,100,60,90,60,80,3,False,1.6666666666666667,Grass-Dark
276,Taillow,Normal,Flying,270,40,55,30,30,30,85,3,False,1.8333333333333333,Normal-Flying
277,Swellow,Normal,Flying,430,60,85,60,50,50,125,3,False,1.4166666666666667,Normal-Flying
278,Wingull,Water,Flying,270,40,30,30,55,30,85,3,False,1.0,Water-Flying
279,Pelipper,Water,Flying,430,60,50,100,85,70,65,3,False,0.5,Water-Flying
280,Ralts,Psychic,Fairy,198,28,25,25,45,35,40,3,False,1.0,Psychic-Fairy
281,Kirlia,Psychic,Fairy,278,38,35,35,65,55,50,3,False,1.0,Psychic-Fairy
282,Gardevoir,Psychic,Fairy,518,68,65,65,125,115,80,3,False,1.0,Psychic-Fairy
282,Mega Gardevoir,Psychic,Fairy,618,68,85,65,165,135,100,3,False,1.3076923076923077,Psychic-Fairy
283,Surskit,Bug,Water,269,40,30,32,50,52,65,3,False,0.9375,Bug-Water
284,Masquerain,Bug,Flying,414,70,60,62,80,82,60,3,False,0.967741935483871,Bug-Flying
285,Shroomish,Grass,,295,60,40,60,40,60,35,3,False,0.6666666666666666,Grass
286,Breloom,Grass,Fighting,460,60,130,80,60,60,70,3,False,1.625,Grass-Fighting
287,Slakoth,Normal,,280,60,60,60,35,35,30,3,False,1.0,Normal
288,Vigoroth,Normal,,440,80,80,80,55,55,90,3,False,1.0,Normal
289,Slaking,Normal,,670,150,160,100,95,65,100,3,False,1.6,Normal
290,Nincada,Bug,Ground,266,31,45,90,30,30,40,3,False,0.5,Bug-Ground
291,Ninjask,Bug,Flying,456,61,90,45,50,50,160,3,False,2.0,Bug-Flying
292,Shedinja,Bug,Ghost,236,1,90,45,30,30,40,3,False,2.0,Bug-Ghost
293,Whismur,Normal,,240,64,51,23,51,23,28,3,False,2.217391304347826,Normal
294,Loudred,Normal,,360,84,71,43,71,43,48,3,False,1.6511627906976745,Normal
295,Exploud,Normal,,490,104,91,63,91,73,68,3,False,1.4444444444444444,Normal
296,Makuhita,Fighting,,237,72,60,30,20,30,25,3,False,2.0,Fighting
297,Hariyama,Fighting,,474,144,120,60,40,60,50,3,False,2.0,Fighting
298,Azurill,Normal,Fairy,190,50,20,40,20,40,20,3,False,0.5,Normal-Fairy
299,Nosepass,Rock,,375,30,45,135,45,90,30,3,False,0.3333333333333333,Rock
300,Skitty,Normal,,260,50,45,45,35,35,50,3,False,1.0,Normal
301,Delcatty,Normal,,380,70,65,65,55,55,70,3,False,1.0,Normal
302,Sableye,Dark,Ghost,380,50,75,75,65,65,50,3,False,1.0,Dark-Ghost
302,Mega Sableye,Dark,Ghost,480,50,85,125,85,115,20,3,False,0.68,Dark-Ghost
303,Mawile,Steel,Fairy,380,50,85,85,55,55,50,3,False,1.0,Steel-Fairy
303,Mega Mawile,Steel,Fairy,480,50,105,125,55,95,50,3,False,0.84,Steel-Fairy
304,Aron,Steel,Rock,330,50,70,100,40,40,30,3,False,0.7,Steel-Rock
305,Lairon,Steel,Rock,430,60,90,140,50,50,40,3,False,0.6428571428571429,Steel-Rock
306,Aggron,Steel,Rock,530,70,110,180,60,60,50,3,False,0.6111111111111112,Steel-Rock
306,Mega Aggron,Steel,,630,70,140,230,60,80,50,3,False,0.6086956521739131,Steel
307,Meditite,Fighting,Psychic,280,30,40,55,40,55,60,3,False,0.7272727272727273,Fighting-Psychic
308,Medicham,Fighting,Psychic,410,60,60,75,60,75,80,3,False,0.8,Fighting-Psychic
308,Mega Medicham,Fighting,Psychic,510,60,100,85,80,85,100,3,False,1.1764705882352942,Fighting-Psychic
309,Electrike,Electric,,295,40,45,40,65,40,65,3,False,1.125,Electric
310,Manectric,Electric,,475,70,75,60,105,60,105,3,False,1.25,Electric
310,Mega Manectric,Electric,,575,70,75,80,135,80,135,3,False,0.9375,Electric
311,Plusle,Electric,,405,60,50,40,85,75,95,3,False,1.25,Electric
312,Minun,Electric,,405,60,40,50,75,85,95,3,False,0.8,Electric
313,Volbeat,Bug,,400,65,73,55,47,75,85,3,False,1.3272727272727274,Bug
314,Illumise,Bug,,400,65,47,55,73,75,85,3,False,0.8545454545454545,Bug
315,Roselia,Grass,Poison,400,50,60,45,100,80,65,3,False,1.3333333333333333,Grass-Poison
316,Gulpin,Poison,,302,70,43,53,43,53,40,3,False,0.8113207547169812,Poison
317,Swalot,Poison,,467,100,73,83,73,83,55,3,False,0.8795180722891566,Poison
318,Carvanha,Water,Dark,305,45,90,20,65,20,65,3,False,4.5,Water-Dark
319,Sharpedo,Water,Dark,460,70,120,40,95,40,95,3,False,3.0,Water-Dark
319,Mega Sharpedo,Water,Dark,560,70,140,70,110,65,105,3,False,2.0,Water-Dark
320,Wailmer,Water,,400,130,70,35,70,35,60,3,False,2.0,Water
321,Wailord,Water,,500,170,90,45,90,45,60,3,False,2.0,Water
322,Numel,Fire,Ground,305,60,60,40,65,45,35,3,False,1.5,Fire-Ground
323,Camerupt,Fire,Ground,460,70,100,70,105,75,40,3,False,1.4285714285714286,Fire-Ground
323,Mega Camerupt,Fire,Ground,560,70,120,100,145,105,20,3,False,1.2,Fire-Ground
324,Torkoal,Fire,,470,70,85,140,85,70,20,3,False,0.6071428571428571,Fire
325,Spoink,Psychic,,330,60,25,35,70,80,60,3,False,0.7142857142857143,Psychic
326,Grumpig,Psychic,,470,80,45,65,90,110,80,3,False,0.6923076923076923,Psychic
327,Spinda,Normal,,360,60,60,60,60,60,60,3,False,1.0,Normal
328,Trapinch,Ground,,290,45,100,45,45,45,10,3,False,2.2222222222222223,Ground
329,Vibrava,Ground,Dragon,340,50,70,50,50,50,70,3,False,1.4,Ground-Dragon
330,Flygon,Ground,Dragon,520,80,100,80,80,80,100,3,False,1.25,Ground-Dragon
331,Cacnea,Grass,,335,50,85,40,85,40,35,3,False,2.125,Grass
332,Cacturne,Grass,Dark,475,70,115,60,115,60,55,3,False,1.9166666666666667,Grass-Dark
333,Swablu,Normal,Flying,310,45,40,60,40,75,50,3,False,0.6666666666666666,Normal-Flying
334,Altaria,Dragon,Flying,490,75,70,90,70,105,80,3,False,0.7777777777777778,Dragon-Flying
334,Mega Altaria,Dragon,Fairy,590,75,110,110,110,105,80,3,False,1.0,Dragon-Fairy
335,Zangoose,Normal,,458,73,115,60,60,60,90,3,False,1.9166666666666667,Normal
336,Seviper,Poison,,458,73,100,60,100,60,65,3,False,1.6666666666666667,Poison
337,Lunatone,Rock,Psychic,440,70,55,65,95,85,70,3,False,0.8461538461538461,Rock-Psychic
338,Solrock,Rock,Psychic,440,70,95,85,55,65,70,3,False,1.1176470588235294,Rock-Psychic
339,Barboach,Water,Ground,288,50,48,43,46,41,60,3,False,1.1162790697674418,Water-Ground
340,Whiscash,Water,Ground,468,110,78,73,76,71,60,3,False,1.0684931506849316,Water-Ground
341,Corphish,Water,,308,43,80,65,50,35,35,3,False,1.2307692307692308,Water
342,Crawdaunt,Water,Dark,468,63,120,85,90,55,55,3,False,1.411764705882353,Water-Dark
343,Baltoy,Ground,Psychic,300,40,40,55,40,70,55,3,False,0.7272727272727273,Ground-Psychic
344,Claydol,Ground,Psychic,500,60,70,105,70,120,75,3,False,0.6666666666666666,Ground-Psychic
345,Lileep,Rock,Grass,355,66,41,77,61,87,23,3,False,0.5324675324675324,Rock-Grass
346,Cradily,Rock,Grass,495,86,81,97,81,107,43,3,False,0.8350515463917526,Rock-Grass
347,Anorith,Rock,Bug,355,45,95,50,40,50,75,3,False,1.9,Rock-Bug
348,Armaldo,Rock,Bug,495,75,125,100,70,80,45,3,False,1.25,Rock-Bug
349,Feebas,Water,,200,20,15,20,10,55,80,3,False,0.75,Water
350,Milotic,Water,,540,95,60,79,100,125,81,3,False,0.759493670886076,Water
351,Castform,Normal,,420,70,70,70,70,70,70,3,False,1.0,Normal
352,Kecleon,Normal,,440,60,90,70,60,120,40,3,False,1.2857142857142858,Normal
353,Shuppet,Ghost,,295,44,75,35,63,33,45,3,False,2.142857142857143,Ghost
354,Banette,Ghost,,455,64,115,65,83,63,65,3,False,1.7692307692307692,Ghost
354,Mega Banette,Ghost,,555,64,165,75,93,83,75,3,False,2.2,Ghost
355,Duskull,Ghost,,295,20,40,90,30,90,25,3,False,0.4444444444444444,Ghost
356,Dusclops,Ghost,,455,40,70,130,60,130,25,3,False,0.5384615384615384,Ghost
357,Tropius,Grass,Flying,460,99,68,83,72,87,51,3,False,0.8192771084337349,Grass-Flying
358,Chimecho,Psychic,,425,65,50,70,95,80,65,3,False,0.7142857142857143,Psychic
359,Absol,Dark,,465,65,130,60,75,60,75,3,False,2.1666666666666665,Dark
359,Mega Absol,Dark,,565,65,150,60,115,60,115,3,False,2.5,Dark
360,Wynaut,Psychic,,260,95,23,48,23,48,23,3,False,0.4791666666666667,Psychic
361,Snorunt,Ice,,300,50,50,50,50,50,50,3,False,1.0,Ice
362,Glalie,Ice,,480,80,80,80,80,80,80,3,False,1.0,Ice
362,Mega Glalie,Ice,,580,80,120,80,120,80,100,3,False,1.5,Ice
363,Spheal,Ice,Water,290,70,40,50,55,50,25,3,False,0.8,Ice-Water
364,Sealeo,Ice,Water,410,90,60,70,75,70,45,3,False,0.8571428571428571,Ice-Water
365,Walrein,Ice,Water,530,110,80,90,95,90,65,3,False,0.8888888888888888,Ice-Water
366,Clamperl,Water,,345,35,64,85,74,55,32,3,False,0.7529411764705882,Water
367,Huntail,Water,,485,55,104,105,94,75,52,3,False,0.9904761904761905,Water
368,Gorebyss,Water,,485,55,84,105,114,75,52,3,False,0.8,Water
369,Relicanth,Water,Rock,485,100,90,130,45,65,55,3,False,0.6923076923076923,Water-Rock
370,Luvdisc,Water,,330,43,30,55,40,65,97,3,False,0.5454545454545454,Water
371,Bagon,Dragon,,300,45,75,60,40,30,50,3,False,1.25,Dragon
372,Shelgon,Dragon,,420,65,95,100,60,50,50,3,False,0.95,Dragon
373,Salamence,Dragon,Flying,600,95,135,80,110,80,100,3,False,1.6875,Dragon-Flying
373,Mega Salamence,Dragon,Flying,700,95,145,130,120,90,120,3,False,1.1153846153846154,Dragon-Flying
374,Beldum,Steel,Psychic,300,40,55,80,35,60,30,3,False,0.6875,Steel-Psychic
375,Metang,Steel,Psychic,420,60,75,100,55,80,50,3,False,0.75,Steel-Psychic
376,Metagross,Steel,Psychic,600,80,135,130,95,90,70,3,False,1.0384615384615385,Steel-Psychic
376,Mega Metagross,Steel,Psychic,700,80,145,150,105,110,110,3,False,0.9666666666666667,Steel-Psychic
377,Regirock,Rock,,580,80,100,200,50,100,50,3,True,0.5,Rock
378,Regice,Ice,,580,80,50,100,100,200,50,3,True,0.5,Ice
379,Registeel,Steel,,580,80,75,150,75,150,50,3,True,0.5,Steel
380,Latias,Dragon,Psychic,600,80,80,90,110,130,110,3,True,0.8888888888888888,Dragon-Psychic
380,Mega Latias,Dragon,Psychic,700,80,100,120,140,150,110,3,True,0.8333333333333334,Dragon-Psychic
381,Latios,Dragon,Psychic,600,80,90,80,130,110,110,3,True,1.125,Dragon-Psychic
381,Mega Latios,Dragon,Psychic,700,80,130,100,160,120,110,3,True,1.3,Dragon-Psychic
382,Kyogre,Water,,670,100,100,90,150,140,90,3,True,1.1111111111111112,Water
382,KyogrePrimal Kyogre,Water,,770,100,150,90,180,160,90,3,True,1.6666666666666667,Water
383,Groudon,Ground,,670,100,150,140,100,90,90,3,True,1.0714285714285714,Ground
383,GroudonPrimal Groudon,Ground,Fire,770,100,180,160,150,90,90,3,True,1.125,Ground-Fire
384,Rayquaza,Dragon,Flying,680,105,150,90,150,90,95,3,True,1.6666666666666667,Dragon-Flying
384,Mega Rayquaza,Dragon,Flying,780,105,180,100,180,100,115,3,True,1.8,Dragon-Flying
385,Jirachi,Steel,Psychic,600,100,100,100,100,100,100,3,True,1.0,Steel-Psychic
386,DeoxysNormal Forme,Psychic,,600,50,150,50,150,50,150,3,True,3.0,Psychic
386,DeoxysAttack Forme,Psychic,,600,50,180,20,180,20,150,3,True,9.0,Psychic
386,DeoxysDefense Forme,Psychic,,600,50,70,160,70,160,90,3,True,0.4375,Psychic
386,DeoxysSpeed Forme,Psychic,,600,50,95,90,95,90,180,3,True,1.0555555555555556,Psychic
387,Turtwig,Grass,,318,55,68,64,45,55,31,4,False,1.0625,Grass
388,Grotle,Grass,,405,75,89,85,55,65,36,4,False,1.0470588235294118,Grass
389,Torterra,Grass,Ground,525,95,109,105,75,85,56,4,False,1.0380952380952382,Grass-Ground
390,Chimchar,Fire,,309,44,58,44,58,44,61,4,False,1.3181818181818181,Fire
391,Monferno,Fire,Fighting,405,64,78,52,78,52,81,4,False,1.5,Fire-Fighting
392,Infernape,Fire,Fighting,534,76,104,71,104,71,108,4,False,1.4647887323943662,Fire-Fighting
393,Piplup,Water,,314,53,51,53,61,56,40,4,False,0.9622641509433962,Water
394,Prinplup,Water,,405,64,66,68,81,76,50,4,False,0.9705882352941176,Water
395,Empoleon,Water,Steel,530,84,86,88,111,101,60,4,False,0.9772727272727273,Water-Steel
396,Starly,Normal,Flying,245,40,55,30,30,30,60,4,False,1.8333333333333333,Normal-Flying
397,Staravia,Normal,Flying,340,55,75,50,40,40,80,4,False,1.5,Normal-Flying
398,Staraptor,Normal,Flying,485,85,120,70,50,60,100,4,False,1.7142857142857142,Normal-Flying
399,Bidoof,Normal,,250,59,45,40,35,40,31,4,False,1.125,Normal
400,Bibarel,Normal,Water,410,79,85,60,55,60,71,4,False,1.4166666666666667,Normal-Water
401,Kricketot,Bug,,194,37,25,41,25,41,25,4,False,0.6097560975609756,Bug
402,Kricketune,Bug,,384,77,85,51,55,51,65,4,False,1.6666666666666667,Bug
403,Shinx,Electric,,263,45,65,34,40,34,45,4,False,1.911764705882353,Electric
404,Luxio,Electric,,363,60,85,49,60,49,60,4,False,1.7346938775510203,Electric
405,Luxray,Electric,,523,80,120,79,95,79,70,4,False,1.518987341772152,Electric
406,Budew,Grass,Poison,280,40,30,35,50,70,55,4,False,0.8571428571428571,Grass-Poison
407,Roserade,Grass,Poison,515,60,70,65,125,105,90,4,False,1.0769230769230769,Grass-Poison
408,Cranidos,Rock,,350,67,125,40,30,30,58,4,False,3.125,Rock
409,Rampardos,Rock,,495,97,165,60,65,50,58,4,False,2.75,Rock
410,Shieldon,Rock,Steel,350,30,42,118,42,88,30,4,False,0.3559322033898305,Rock-Steel
411,Bastiodon,Rock,Steel,495,60,52,168,47,138,30,4,False,0.30952380952380953,Rock-Steel
412,Burmy,Bug,,224,40,29,45,29,45,36,4,False,0.6444444444444445,Bug
413,WormadamPlant Cloak,Bug,Grass,424,60,59,85,79,105,36,4,False,0.6941176470588235,Bug-Grass
413,WormadamSandy Cloak,Bug,Ground,424,60,79,105,59,85,36,4,False,0.7523809523809524,Bug-Ground
413,WormadamTrash Cloak,Bug,Steel,424,60,69,95,69,95,36,4,False,0.7263157894736842,Bug-Steel
414,Mothim,Bug,Flying,424,70,94,50,94,50,66,4,False,1.88,Bug-Flying
415,Combee,Bug,Flying,244,30,30,42,30,42,70,4,False,0.7142857142857143,Bug-Flying
416,Vespiquen,Bug,Flying,474,70,80,102,80,102,40,4,False,0.7843137254901961,Bug-Flying
417,Pachirisu,Electric,,405,60,45,70,45,90,95,4,False,0.6428571428571429,Electric
418,Buizel,Water,,330,55,65,35,60,30,85,4,False,1.8571428571428572,Water
419,Floatzel,Water,,495,85,105,55,85,50,115,4,False,1.9090909090909092,Water
420,Cherubi,Grass,,275,45,35,45,62,53,35,4,False,0.7777777777777778,Grass
421,Cherrim,Grass,,450,70,60,70,87,78,85,4,False,0.8571428571428571,Grass
422,Shellos,Water,,325,76,48,48,57,62,34,4,False,1.0,Water
423,Gastrodon,Water,Ground,475,111,83,68,92,82,39,4,False,1.2205882352941178,Water-Ground
424,Ambipom,Normal,,482,75,100,66,60,66,115,4,False,1.5151515151515151,Normal
425,Drifloon,Ghost,Flying,348,90,50,34,60,44,70,4,False,1.4705882352941178,Ghost-Flying
426,Drifblim,Ghost,Flying,498,150,80,44,90,54,80,4,False,1.8181818181818181,Ghost-Flying
427,Buneary,Normal,,350,55,66,44,44,56,85,4,False,1.5,Normal
428,Lopunny,Normal,,480,65,76,84,54,96,105,4,False,0.9047619047619048,Normal
428,Mega Lopunny,Normal,Fighting,580,65,136,94,54,96,135,4,False,1.446808510638298,Normal-Fighting
429,Mismagius,Ghost,,495,60,60,60,105,105,105,4,False,1.0,Ghost
430,Honchkrow,Dark,Flying,505,100,125,52,105,52,71,4,False,2.4038461538461537,Dark-Flying
431,Glameow,Normal,,310,49,55,42,42,37,85,4,False,1.3095238095238095,Normal
432,Purugly,Normal,,452,71,82,64,64,59,112,4,False,1.28125,Normal
433,Chingling,Psychic,,285,45,30,50,65,50,45,4,False,0.6,Psychic
434,Stunky,Poison,Dark,329,63,63,47,41,41,74,4,False,1.3404255319148937,Poison-Dark
435,Skuntank,Poison,Dark,479,103,93,67,71,61,84,4,False,1.3880597014925373,Poison-Dark
436,Bronzor,Steel,Psychic,300,57,24,86,24,86,23,4,False,0.27906976744186046,Steel-Psychic
437,Bronzong,Steel,Psychic,500,67,89,116,79,116,33,4,False,0.7672413793103449,Steel-Psychic
438,Bonsly,Rock,,290,50,80,95,10,45,10,4,False,0.8421052631578947,Rock
439,Mime Jr.,Psychic,Fairy,310,20,25,45,70,90,60,4,False,0.5555555555555556,Psychic-Fairy
440,Happiny,Normal,,220,100,5,5,15,65,30,4,False,1.0,Normal
441,Chatot,Normal,Flying,411,76,65,45,92,42,91,4,False,1.4444444444444444,Normal-Flying
442,Spiritomb,Ghost,Dark,485,50,92,108,92,108,35,4,False,0.8518518518518519,Ghost-Dark
443,Gible,Dragon,Ground,300,58,70,45,40,45,42,4,False,1.5555555555555556,Dragon-Ground
444,Gabite,Dragon,Ground,410,68,90,65,50,55,82,4,False,1.3846153846153846,Dragon-Ground
445,Garchomp,Dragon,Ground,600,108,130,95,80,85,102,4,False,1.368421052631579,Dragon-Ground
445,Mega Garchomp,Dragon,Ground,700,108,170,115,120,95,92,4,False,1.4782608695652173,Dragon-Ground
446,Munchlax,Normal,,390,135,85,40,40,85,5,4,False,2.125,Normal
447,Riolu,Fighting,,285,40,70,40,35,40,60,4,False,1.75,Fighting
448,Lucario,Fighting,Steel,525,70,110,70,115,70,90,4,False,1.5714285714285714,Fighting-Steel
448,Mega Lucario,Fighting,Steel,625,70,145,88,140,70,112,4,False,1.6477272727272727,Fighting-Steel
449,Hippopotas,Ground,,330,68,72,78,38,42,32,4,False,0.9230769230769231,Ground
450,Hippowdon,Ground,,525,108,112,118,68,72,47,4,False,0.9491525423728814,Ground
451,Skorupi,Poison,Bug,330,40,50,90,30,55,65,4,False,0.5555555555555556,Poison-Bug
452,Drapion,Poison,Dark,500,70,90,110,60,75,95,4,False,0.8181818181818182,Poison-Dark
453,Croagunk,Poison,Fighting,300,48,61,40,61,40,50,4,False,1.525,Poison-Fighting
454,Toxicroak,Poison,Fighting,490,83,106,65,86,65,85,4,False,1.6307692307692307,Poison-Fighting
455,Carnivine,Grass,,454,74,100,72,90,72,46,4,False,1.3888888888888888,Grass
456,Finneon,Water,,330,49,49,56,49,61,66,4,False,0.875,Water
457,Lumineon,Water,,460,69,69,76,69,86,91,4,False,0.9078947368421053,Water
458,Mantyke,Water,Flying,345,45,20,50,60,120,50,4,False,0.4,Water-Flying
459,Snover,Grass,Ice,334,60,62,50,62,60,40,4,False,1.24,Grass-Ice
460,Abomasnow,Grass,Ice,494,90,92,75,92,85,60,4,False,1.2266666666666666,Grass-Ice
460,Mega Abomasnow,Grass,Ice,594,90,132,105,132,105,30,4,False,1.2571428571428571,Grass-Ice
461,Weavile,Dark,Ice,510,70,120,65,45,85,125,4,False,1.8461538461538463,Dark-Ice
462,Magnezone,Electric,Steel,535,70,70,115,130,90,60,4,False,0.6086956521739131,Electric-Steel
463,Lickilicky,Normal,,515,110,85,95,80,95,50,4,False,0.8947368421052632,Normal
464,Rhyperior,Ground,Rock,535,115,140,130,55,55,40,4,False,1.0769230769230769,Ground-Rock
465,Tangrowth,Grass,,535,100,100,125,110,50,50,4,False,0.8,Grass
466,Electivire,Electric,,540,75,123,67,95,85,95,4,False,1.835820895522388,Electric
467,Magmortar,Fire,,540,75,95,67,125,95,83,4,False,1.4179104477611941,Fire
468,Togekiss,Fairy,Flying,545,85,50,95,120,115,80,4,False,0.5263157894736842,Fairy-Flying
469,Yanmega,Bug,Flying,515,86,76,86,116,56,95,4,False,0.8837209302325582,Bug-Flying
470,Leafeon,Grass,,525,65,110,130,60,65,95,4,False,0.8461538461538461,Grass
471,Glaceon,Ice,,525,65,60,110,130,95,65,4,False,0.5454545454545454,Ice
472,Gliscor,Ground,Flying,510,75,95,125,45,75,95,4,False,0.76,Ground-Flying
473,Mamoswine,Ice,Ground,530,110,130,80,70,60,80,4,False,1.625,Ice-Ground
474,Porygon-Z,Normal,,535,85,80,70,135,75,90,4,False,1.1428571428571428,Normal
475,Gallade,Psychic,Fighting,518,68,125,65,65,115,80,4,False,1.9230769230769231,Psychic-Fighting
475,Mega Gallade,Psychic,Fighting,618,68,165,95,65,115,110,4,False,1.736842105263158,Psychic-Fighting
476,Probopass,Rock,Steel,525,60,55,145,75,150,40,4,False,0.3793103448275862,Rock-Steel
477,Dusknoir,Ghost,,525,45,100,135,65,135,45,4,False,0.7407407407407407,Ghost
478,Froslass,Ice,Ghost,480,70,80,70,80,70,110,4,False,1.1428571428571428,Ice-Ghost
479,Rotom,Electric,Ghost,440,50,50,77,95,77,91,4,False,0.6493506493506493,Electric-Ghost
479,RotomHeat Rotom,Electric,Fire,520,50,65,107,105,107,86,4,False,0.6074766355140186,Electric-Fire
479,RotomWash Rotom,Electric,Water,520,50,65,107,105,107,86,4,False,0.6074766355140186,Electric-Water
479,RotomFrost Rotom,Electric,Ice,520,50,65,107,105,107,86,4,False,0.6074766355140186,Electric-Ice
479,RotomFan Rotom,Electric,Flying,520,50,65,107,105,107,86,4,False,0.6074766355140186,Electric-Flying
479,RotomMow Rotom,Electric,Grass,520,50,65,107,105,107,86,4,False,0.6074766355140186,Electric-Grass
480,Uxie,Psychic,,580,75,75,130,75,130,95,4,True,0.5769230769230769,Psychic
481,Mesprit,Psychic,,580,80,105,105,105,105,80,4,True,1.0,Psychic
482,Azelf,Psychic,,580,75,125,70,125,70,115,4,True,1.7857142857142858,Psychic
483,Dialga,Steel,Dragon,680,100,120,120,150,100,90,4,True,1.0,Steel-Dragon
484,Palkia,Water,Dragon,680,90,120,100,150,120,100,4,True,1.2,Water-Dragon
485,Heatran,Fire,Steel,600,91,90,106,130,106,77,4,True,0.8490566037735849,Fire-Steel
486,Regigigas,Normal,,670,110,160,110,80,110,100,4,True,1.4545454545454546,Normal
487,GiratinaAltered Forme,Ghost,Dragon,680,150,100,120,100,120,90,4,True,0.8333333333333334,Ghost-Dragon
487,GiratinaOrigin Forme,Ghost,Dragon,680,150,120,100,120,100,90,4,True,1.2,Ghost-Dragon
488,Cresselia,Psychic,,600,120,70,120,75,130,85,4,False,0.5833333333333334,Psychic
489,Phione,Water,,480,80,80,80,80,80,80,4,False,1.0,Water
490,Manaphy,Water,,600,100,100,100,100,100,100,4,False,1.0,Water
491,Darkrai,Dark,,600,70,90,90,135,90,125,4,True,1.0,Dark
492,ShayminLand Forme,Grass,,600,100,100,100,100,100,100,4,True,1.0,Grass
492,ShayminSky Forme,Grass,Flying,600,100,103,75,120,75,127,4,True,1.3733333333333333,Grass-Flying
493,Arceus,Normal,,720,120,120,120,120,120,120,4,True,1.0,Normal
494,Victini,Psychic,Fire,600,100,100,100,100,100,100,5,True,1.0,Psychic-Fire
495,Snivy,Grass,,308,45,45,55,45,55,63,5,False,0.8181818181818182,Grass
496,Servine,Grass,,413,60,60,75,60,75,83,5,False,0.8,Grass
497,Serperior,Grass,,528,75,75,95,75,95,113,5,False,0.7894736842105263,Grass
498,Tepig,Fire,,308,65,63,45,45,45,45,5,False,1.4,Fire
499,Pignite,Fire,Fighting,418,90,93,55,70,55,55,5,False,1.690909090909091,Fire-Fighting
500,Emboar,Fire,Fighting,528,110,123,65,100,65,65,5,False,1.8923076923076922,Fire-Fighting
501,Oshawott,Water,,308,55,55,45,63,45,45,5,False,1.2222222222222223,Water
502,Dewott,Water,,413,75,75,60,83,60,60,5,False,1.25,Water
503,Samurott,Water,,528,95,100,85,108,70,70,5,False,1.1764705882352942,Water
504,Patrat,Normal,,255,45,55,39,35,39,42,5,False,1.4102564102564104,Normal
505,Watchog,Normal,,420,60,85,69,60,69,77,5,False,1.2318840579710144,Normal
506,Lillipup,Normal,,275,45,60,45,25,45,55,5,False,1.3333333333333333,Normal
507,Herdier,Normal,,370,65,80,65,35,65,60,5,False,1.2307692307692308,Normal
508,Stoutland,Normal,,500,85,110,90,45,90,80,5,False,1.2222222222222223,Normal
509,Purrloin,Dark,,281,41,50,37,50,37,66,5,False,1.3513513513513513,Dark
510,Liepard,Dark,,446,64,88,50,88,50,106,5,False,1.76,Dark
511,Pansage,Grass,,316,50,53,48,53,48,64,5,False,1.1041666666666667,Grass
512,Simisage,Grass,,498,75,98,63,98,63,101,5,False,1.5555555555555556,Grass
513,Pansear,Fire,,316,50,53,48,53,48,64,5,False,1.1041666666666667,Fire
514,Simisear,Fire,,498,75,98,63,98,63,101,5,False,1.5555555555555556,Fire
515,Panpour,Water,,316,50,53,48,53,48,64,5,False,1.1041666666666667,Water
516,Simipour,Water,,498,75,98,63,98,63,101,5,False,1.5555555555555556,Water
517,Munna,Psychic,,292,76,25,45,67,55,24,5,False,0.5555555555555556,Psychic
518,Musharna,Psychic,,487,116,55,85,107,95,29,5,False,0.6470588235294118,Psychic
519,Pidove,Normal,Flying,264,50,55,50,36,30,43,5,False,1.1,Normal-Flying
520,Tranquill,Normal,Flying,358,62,77,62,50,42,65,5,False,1.2419354838709677,Normal-Flying
521,Unfezant,Normal,Flying,488,80,115,80,65,55,93,5,False,1.4375,Normal-Flying
522,Blitzle,Electric,,295,45,60,32,50,32,76,5,False,1.875,Electric
523,Zebstrika,Electric,,497,75,100,63,80,63,116,5,False,1.5873015873015872,Electric
524,Roggenrola,Rock,,280,55,75,85,25,25,15,5,False,0.8823529411764706,Rock
525,Boldore,Rock,,390,70,105,105,50,40,20,5,False,1.0,Rock
526,Gigalith,Rock,,515,85,135,130,60,80,25,5,False,1.0384615384615385,Rock
527,Woobat,Psychic,Flying,313,55,45,43,55,43,72,5,False,1.0465116279069768,Psychic-Flying
528,Swoobat,Psychic,Flying,425,67,57,55,77,55,114,5,False,1.0363636363636364,Psychic-Flying
529,Drilbur,Ground,,328,60,85,40,30,45,68,5,False,2.125,Ground
530,Excadrill,Ground,Steel,508,110,135,60,50,65,88,5,False,2.25,Ground-Steel
531,Audino,Normal,,445,103,60,86,60,86,50,5,False,0.6976744186046512,Normal
531,Mega Audino,Normal,Fairy,545,103,60,126,80,126,50,5,False,0.47619047619047616,Normal-Fairy
532,Timburr,Fighting,,305,75,80,55,25,35,35,5,False,1.4545454545454546,Fighting
533,Gurdurr,Fighting,,405,85,105,85,40,50,40,5,False,1.2352941176470589,Fighting
534,Conkeldurr,Fighting,,505,105,140,95,55,65,45,5,False,1.4736842105263157,Fighting
535,Tympole,Water,,294,50,50,40,50,40,64,5,False,1.25,Water
536,Palpitoad,Water,Ground,384,75,65,55,65,55,69,5,False,1.1818181818181819,Water-Ground
537,Seismitoad,Water,Ground,509,105,95,75,85,75,74,5,False,1.2666666666666666,Water-Ground
538,Throh,Fighting,,465,120,100,85,30,85,45,5,False,1.1764705882352942,Fighting
539,Sawk,Fighting,,465,75,125,75,30,75,85,5,False,1.6666666666666667,Fighting
540,Sewaddle,Bug,Grass,310,45,53,70,40,60,42,5,False,0.7571428571428571,Bug-Grass
541,Swadloon,Bug,Grass,380,55,63,90,50,80,42,5,False,0.7,Bug-Grass
542,Leavanny,Bug,Grass,500,75,103,80,70,80,92,5,False,1.2875,Bug-Grass
543,Venipede,Bug,Poison,260,30,45,59,30,39,57,5,False,0.7627118644067796,Bug-Poison
544,Whirlipede,Bug,Poison,360,40,55,99,40,79,47,5,False,0.5555555555555556,Bug-Poison
545,Scolipede,Bug,Poison,485,60,100,89,55,69,112,5,False,1.1235955056179776,Bug-Poison
546,Cottonee,Grass,Fairy,280,40,27,60,37,50,66,5,False,0.45,Grass-Fairy
547,Whimsicott,Grass,Fairy,480,60,67,85,77,75,116,5,False,0.788235294117647,Grass-Fairy
548,Petilil,Grass,,280,45,35,50,70,50,30,5,False,0.7,Grass
549,Lilligant,Grass,,480,70,60,75,110,75,90,5,False,0.8,Grass
550,Basculin,Water,,460,70,92,65,80,55,98,5,False,1.4153846153846155,Water
551,Sandile,Ground,Dark,292,50,72,35,35,35,65,5,False,2.057142857142857,Ground-Dark
552,Krokorok,Ground,Dark,351,60,82,45,45,45,74,5,False,1.8222222222222222,Ground-Dark
553,Krookodile,Ground,Dark,519,95,117,80,65,70,92,5,False,1.4625,Ground-Dark
554,Darumaka,Fire,,315,70,90,45,15,45,50,5,False,2.0,Fire
555,DarmanitanStandard Mode,Fire,,480,105,140,55,30,55,95,5,False,2.5454545454545454,Fire
555,DarmanitanZen Mode,Fire,Psychic,540,105,30,105,140,105,55,5,False,0.2857142857142857,Fire-Psychic
556,Maractus,Grass,,461,75,86,67,106,67,60,5,False,1.2835820895522387,Grass
557,Dwebble,Bug,Rock,325,50,65,85,35,35,55,5,False,0.7647058823529411,Bug-Rock
558,Crustle,Bug,Rock,475,70,95,125,65,75,45,5,False,0.76,Bug-Rock
559,Scraggy,Dark,Fighting,348,50,75,70,35,70,48,5,False,1.0714285714285714,Dark-Fighting
560,Scrafty,Dark,Fighting,488,65,90,115,45,115,58,5,False,0.782608695652174,Dark-Fighting
561,Sigilyph,Psychic,Flying,490,72,58,80,103,80,97,5,False,0.725,Psychic-Flying
562,Yamask,Ghost,,303,38,30,85,55,65,30,5,False,0.35294117647058826,Ghost
563,Cofagrigus,Ghost,,483,58,50,145,95,105,30,5,False,0.3448275862068966,Ghost
564,Tirtouga,Water,Rock,355,54,78,103,53,45,22,5,False,0.7572815533980582,Water-Rock
565,Carracosta,Water,Rock,495,74,108,133,83,65,32,5,False,0.8120300751879699,Water-Rock
566,Archen,Rock,Flying,401,55,112,45,74,45,70,5,False,2.488888888888889,Rock-Flying
567,Archeops,Rock,Flying,567,75,140,65,112,65,110,5,False,2.1538461538461537,Rock-Flying
568,Trubbish,Poison,,329,50,50,62,40,62,65,5,False,0.8064516129032258,Poison
569,Garbodor,Poison,,474,80,95,82,60,82,75,5,False,1.1585365853658536,Poison
570,Zorua,Dark,,330,40,65,40,80,40,65,5,False,1.625,Dark
571,Zoroark,Dark,,510,60,105,60,120,60,105,5,False,1.75,Dark
572,Minccino,Normal,,300,55,50,40,40,40,75,5,False,1.25,Normal
573,Cinccino,Normal,,470,75,95,60,65,60,115,5,False,1.5833333333333333,Normal
574,Gothita,Psychic,,290,45,30,50,55,65,45,5,False,0.6,Psychic
575,Gothorita,Psychic,,390,60,45,70,75,85,55,5,False,0.6428571428571429,Psychic
576,Gothitelle,Psychic,,490,70,55,95,95,110,65,5,False,0.5789473684210527,Psychic
577,Solosis,Psychic,,290,45,30,40,105,50,20,5,False,0.75,Psychic
578,Duosion,Psychic,,370,65,40,50,125,60,30,5,False,0.8,Psychic
579,Reuniclus,Psychic,,490,110,65,75,125,85,30,5,False,0.8666666666666667,Psychic
580,Ducklett,Water,Flying,305,62,44,50,44,50,55,5,False,0.88,Water-Flying
581,Swanna,Water,Flying,473,75,87,63,87,63,98,5,False,1.380952380952381,Water-Flying
582,Vanillite,Ice,,305,36,50,50,65,60,44,5,False,1.0,Ice
583,Vanillish,Ice,,395,51,65,65,80,75,59,5,False,1.0,Ice
584,Vanilluxe,Ice,,535,71,95,85,110,95,79,5,False,1.1176470588235294,Ice
585,Deerling,Normal,Grass,335,60,60,50,40,50,75,5,False,1.2,Normal-Grass
586,Sawsbuck,Normal,Grass,475,80,100,70,60,70,95,5,False,1.4285714285714286,Normal-Grass
587,Emolga,Electric,Flying,428,55,75,60,75,60,103,5,False,1.25,Electric-Flying
588,Karrablast,Bug,,315,50,75,45,40,45,60,5,False,1.6666666666666667,Bug
589,Escavalier,Bug,Steel,495,70,135,105,60,105,20,5,False,1.2857142857142858,Bug-Steel
590,Foongus,Grass,Poison,294,69,55,45,55,55,15,5,False,1.2222222222222223,Grass-Poison
591,Amoonguss,Grass,Poison,464,114,85,70,85,80,30,5,False,1.2142857142857142,Grass-Poison
592,Frillish,Water,Ghost,335,55,40,50,65,85,40,5,False,0.8,Water-Ghost
593,Jellicent,Water,Ghost,480,100,60,70,85,105,60,5,False,0.8571428571428571,Water-Ghost
594,Alomomola,Water,,470,165,75,80,40,45,65,5,False,0.9375,Water
595,Joltik,Bug,Electric,319,50,47,50,57,50,65,5,False,0.94,Bug-Electric
596,Galvantula,Bug,Electric,472,70,77,60,97,60,108,5,False,1.2833333333333334,Bug-Electric
597,Ferroseed,Grass,Steel,305,44,50,91,24,86,10,5,False,0.5494505494505495,Grass-Steel
598,Ferrothorn,Grass,Steel,489,74,94,131,54,116,20,5,False,0.7175572519083969,Grass-Steel
599,Klink,Steel,,300,40,55,70,45,60,30,5,False,0.7857142857142857,Steel
600,Klang,Steel,,440,60,80,95,70,85,50,5,False,0.8421052631578947,Steel
601,Klinklang,Steel,,520,60,100,115,70,85,90,5,False,0.8695652173913043,Steel
602,Tynamo,Electric,,275,35,55,40,45,40,60,5,False,1.375,Electric
603,Eelektrik,Electric,,405,65,85,70,75,70,40,5,False,1.2142857142857142,Electric
604,Eelektross,Electric,,515,85,115,80,105,80,50,5,False,1.4375,Electric
605,Elgyem,Psychic,,335,55,55,55,85,55,30,5,False,1.0,Psychic
606,Beheeyem,Psychic,,485,75,75,75,125,95,40,5,False,1.0,Psychic
607,Litwick,Ghost,Fire,275,50,30,55,65,55,20,5,False,0.5454545454545454,Ghost-Fire
608,Lampent,Ghost,Fire,370,60,40,60,95,60,55,5,False,0.6666666666666666,Ghost-Fire
609,Chandelure,Ghost,Fire,520,60,55,90,145,90,80,5,False,0.6111111111111112,Ghost-Fire
610,Axew,Dragon,,320,46,87,60,30,40,57,5,False,1.45,Dragon
611,Fraxure,Dragon,,410,66,117,70,40,50,67,5,False,1.6714285714285715,Dragon
612,Haxorus,Dragon,,540,76,147,90,60,70,97,5,False,1.6333333333333333,Dragon
613,Cubchoo,Ice,,305,55,70,40,60,40,40,5,False,1.75,Ice
614,Beartic,Ice,,485,95,110,80,70,80,50,5,False,1.375,Ice
615,Cryogonal,Ice,,485,70,50,30,95,135,105,5,False,1.6666666666666667,Ice
616,Shelmet,Bug,,305,50,40,85,40,65,25,5,False,0.47058823529411764,Bug
617,Accelgor,Bug,,495,80,70,40,100,60,145,5,False,1.75,Bug
618,Stunfisk,Ground,Electric,471,109,66,84,81,99,32,5,False,0.7857142857142857,Ground-Electric
619,Mienfoo,Fighting,,350,45,85,50,55,50,65,5,False,1.7,Fighting
620,Mienshao,Fighting,,510,65,125,60,95,60,105,5,False,2.0833333333333335,Fighting
621,Druddigon,Dragon,,485,77,120,90,60,90,48,5,False,1.3333333333333333,Dragon
622,Golett,Ground,Ghost,303,59,74,50,35,50,35,5,False,1.48,Ground-Ghost
623,Golurk,Ground,Ghost,483,89,124,80,55,80,55,5,False,1.55,Ground-Ghost
624,Pawniard,Dark,Steel,340,45,85,70,40,40,60,5,False,1.2142857142857142,Dark-Steel
625,Bisharp,Dark,Steel,490,65,125,100,60,70,70,5,False,1.25,Dark-Steel
626,Bouffalant,Normal,,490,95,110,95,40,95,55,5,False,1.1578947368421053,Normal
627,Rufflet,Normal,Flying,350,70,83,50,37,50,60,5,False,1.66,Normal-Flying
628,Braviary,Normal,Flying,510,100,123,75,57,75,80,5,False,1.64,Normal-Flying
629,Vullaby,Dark,Flying,370,70,55,75,45,65,60,5,False,0.7333333333333333,Dark-Flying
630,Mandibuzz,Dark,Flying,510,110,65,105,55,95,80,5,False,0.6190476190476191,Dark-Flying
631,Heatmor,Fire,,484,85,97,66,105,66,65,5,False,1.4696969696969697,Fire
632,Durant,Bug,Steel,484,58,109,112,48,48,109,5,False,0.9732142857142857,Bug-Steel
633,Deino,Dark,Dragon,300,52,65,50,45,50,38,5,False,1.3,Dark-Dragon
634,Zweilous,Dark,Dragon,420,72,85,70,65,70,58,5,False,1.2142857142857142,Dark-Dragon
635,Hydreigon,Dark,Dragon,600,92,105,90,125,90,98,5,False,1.1666666666666667,Dark-Dragon
636,Larvesta,Bug,Fire,360,55,85,55,50,55,60,5,False,1.5454545454545454,Bug-Fire
637,Volcarona,Bug,Fire,550,85,60,65,135,105,100,5,False,0.9230769230769231,Bug-Fire
638,Cobalion,Steel,Fighting,580,91,90,129,90,72,108,5,True,0.6976744186046512,Steel-Fighting
639,Terrakion,Rock,Fighting,580,91,129,90,72,90,108,5,True,1.4333333333333333,Rock-Fighting
640,Virizion,Grass,Fighting,580,91,90,72,90,129,108,5,True,1.25,Grass-Fighting
641,TornadusIncarnate Forme,Flying,,580,79,115,70,125,80,111,5,True,1.6428571428571428,Flying
641,TornadusTherian Forme,Flying,,580,79,100,80,110,90,121,5,True,1.25,Flying
642,ThundurusIncarnate Forme,Electric,Flying,580,79,115,70,125,80,111,5,True,1.6428571428571428,Electric-Flying
642,ThundurusTherian Forme,Electric,Flying,580,79,105,70,145,80,101,5,True,1.5,Electric-Flying
643,Reshiram,Dragon,Fire,680,100,120,100,150,120,90,5,True,1.2,Dragon-Fire
644,Zekrom,Dragon,Electric,680,100,150,120,120,100,90,5,True,1.25,Dragon-Electric
645,LandorusIncarnate Forme,Ground,Flying,600,89,125,90,115,80,101,5,True,1.3888888888888888,Ground-Flying
645,LandorusTherian Forme,Ground,Flying,600,89,145,90,105,80,91,5,True,1.6111111111111112,Ground-Flying
646,Kyurem,Dragon,Ice,660,125,130,90,130,90,95,5,True,1.4444444444444444,Dragon-Ice
646,KyuremBlack Kyurem,Dragon,Ice,700,125,170,100,120,90,95,5,True,1.7,Dragon-Ice
646,KyuremWhite Kyurem,Dragon,Ice,700,125,120,90,170,100,95,5,True,1.3333333333333333,Dragon-Ice
647,KeldeoOrdinary Forme,Water,Fighting,580,91,72,90,129,90,108,5,False,0.8,Water-Fighting
647,KeldeoResolute Forme,Water,Fighting,580,91,72,90,129,90,108,5,False,0.8,Water-Fighting
648,MeloettaAria Forme,Normal,Psychic,600,100,77,77,128,128,90,5,False,1.0,Normal-Psychic
648,MeloettaPirouette Forme,Normal,Fighting,600,100,128,90,77,77,128,5,False,1.4222222222222223,Normal-Fighting
649,Genesect,Bug,Steel,600,71,120,95,120,95,99,5,False,1.263157894736842,Bug-Steel
650,Chespin,Grass,,313,56,61,65,48,45,38,6,False,0.9384615384615385,Grass
651,Quilladin,Grass,,405,61,78,95,56,58,57,6,False,0.8210526315789474,Grass
652,Chesnaught,Grass,Fighting,530,88,107,122,74,75,64,6,False,0.8770491803278688,Grass-Fighting
653,Fennekin,Fire,,307,40,45,40,62,60,60,6,False,1.125,Fire
654,Braixen,Fire,,409,59,59,58,90,70,73,6,False,1.0172413793103448,Fire
655,Delphox,Fire,Psychic,534,75,69,72,114,100,104,6,False,0.9583333333333334,Fire-Psychic
656,Froakie,Water,,314,41,56,40,62,44,71,6,False,1.4,Water
657,Frogadier,Water,,405,54,63,52,83,56,97,6,False,1.2115384615384615,Water
658,Greninja,Water,Dark,530,72,95,67,103,71,122,6,False,1.4179104477611941,Water-Dark
659,Bunnelby,Normal,,237,38,36,38,32,36,57,6,False,0.9473684210526315,Normal
660,Diggersby,Normal,Ground,423,85,56,77,50,77,78,6,False,0.7272727272727273,Normal-Ground
661,Fletchling,Normal,Flying,278,45,50,43,40,38,62,6,False,1.1627906976744187,Normal-Flying
662,Fletchinder,Fire,Flying,382,62,73,55,56,52,84,6,False,1.3272727272727274,Fire-Flying
663,Talonflame,Fire,Flying,499,78,81,71,74,69,126,6,False,1.1408450704225352,Fire-Flying
664,Scatterbug,Bug,,200,38,35,40,27,25,35,6,False,0.875,Bug
665,Spewpa,Bug,,213,45,22,60,27,30,29,6,False,0.36666666666666664,Bug
666,Vivillon,Bug,Flying,411,80,52,50,90,50,89,6,False,1.04,Bug-Flying
667,Litleo,Fire,Normal,369,62,50,58,73,54,72,6,False,0.8620689655172413,Fire-Normal
668,Pyroar,Fire,Normal,507,86,68,72,109,66,106,6,False,0.9444444444444444,Fire-Normal
669,Flabébé,Fairy,,303,44,38,39,61,79,42,6,False,0.9743589743589743,Fairy
670,Floette,Fairy,,371,54,45,47,75,98,52,6,False,0.9574468085106383,Fairy
671,Florges,Fairy,,552,78,65,68,112,154,75,6,False,0.9558823529411765,Fairy
672,Skiddo,Grass,,350,66,65,48,62,57,52,6,False,1.3541666666666667,Grass
673,Gogoat,Grass,,531,123,100,62,97,81,68,6,False,1.6129032258064515,Grass
674,Pancham,Fighting,,348,67,82,62,46,48,43,6,False,1.3225806451612903,Fighting
675,Pangoro,Fighting,Dark,495,95,124,78,69,71,58,6,False,1.5897435897435896,Fighting-Dark
676,Furfrou,Normal,,472,75,80,60,65,90,102,6,False,1.3333333333333333,Normal
677,Espurr,Psychic,,355,62,48,54,63,60,68,6,False,0.8888888888888888,Psychic
678,MeowsticMale,Psychic,,466,74,48,76,83,81,104,6,False,0.631578947368421,Psychic
678,MeowsticFemale,Psychic,,466,74,48,76,83,81,104,6,False,0.631578947368421,Psychic
679,Honedge,Steel,Ghost,325,45,80,100,35,37,28,6,False,0.8,Steel-Ghost
680,Doublade,Steel,Ghost,448,59,110,150,45,49,35,6,False,0.7333333333333333,Steel-Ghost
681,AegislashBlade Forme,Steel,Ghost,520,60,150,50,150,50,60,6,False,3.0,Steel-Ghost
681,AegislashShield Forme,Steel,Ghost,520,60,50,150,50,150,60,6,False,0.3333333333333333,Steel-Ghost
682,Spritzee,Fairy,,341,78,52,60,63,65,23,6,False,0.8666666666666667,Fairy
683,Aromatisse,Fairy,,462,101,72,72,99,89,29,6,False,1.0,Fairy
684,Swirlix,Fairy,,341,62,48,66,59,57,49,6,False,0.7272727272727273,Fairy
685,Slurpuff,Fairy,,480,82,80,86,85,75,72,6,False,0.9302325581395349,Fairy
686,Inkay,Dark,Psychic,288,53,54,53,37,46,45,6,False,1.0188679245283019,Dark-Psychic
687,Malamar,Dark,Psychic,482,86,92,88,68,75,73,6,False,1.0454545454545454,Dark-Psychic
688,Binacle,Rock,Water,306,42,52,67,39,56,50,6,False,0.7761194029850746,Rock-Water
689,Barbaracle,Rock,Water,500,72,105,115,54,86,68,6,False,0.9130434782608695,Rock-Water
690,Skrelp,Poison,Water,320,50,60,60,60,60,30,6,False,1.0,Poison-Water
691,Dragalge,Poison,Dragon,494,65,75,90,97,123,44,6,False,0.8333333333333334,Poison-Dragon
692,Clauncher,Water,,330,50,53,62,58,63,44,6,False,0.8548387096774194,Water
693,Clawitzer,Water,,500,71,73,88,120,89,59,6,False,0.8295454545454546,Water
694,Helioptile,Electric,Normal,289,44,38,33,61,43,70,6,False,1.1515151515151516,Electric-Normal
695,Heliolisk,Electric,Normal,481,62,55,52,109,94,109,6,False,1.0576923076923077,Electric-Normal
696,Tyrunt,Rock,Dragon,362,58,89,77,45,45,48,6,False,1.155844155844156,Rock-Dragon
697,Tyrantrum,Rock,Dragon,521,82,121,119,69,59,71,6,False,1.0168067226890756,Rock-Dragon
698,Amaura,Rock,Ice,362,77,59,50,67,63,46,6,False,1.18,Rock-Ice
699,Aurorus,Rock,Ice,521,123,77,72,99,92,58,6,False,1.0694444444444444,Rock-Ice
700,Sylveon,Fairy,,525,95,65,65,110,130,60,6,False,1.0,Fairy
701,Hawlucha,Fighting,Flying,500,78,92,75,74,63,118,6,False,1.2266666666666666,Fighting-Flying
702,Dedenne,Electric,Fairy,431,67,58,57,81,67,101,6,False,1.0175438596491229,Electric-Fairy
703,Carbink,Rock,Fairy,500,50,50,150,50,150,50,6,False,0.3333333333333333,Rock-Fairy
704,Goomy,Dragon,,300,45,50,35,55,75,40,6,False,1.4285714285714286,Dragon
705,Sliggoo,Dragon,,452,68,75,53,83,113,60,6,False,1.4150943396226414,Dragon
706,Goodra,Dragon,,600,90,100,70,110,150,80,6,False,1.4285714285714286,Dragon
707,Klefki,Steel,Fairy,470,57,80,91,80,87,75,6,False,0.8791208791208791,Steel-Fairy
708,Phantump,Ghost,Grass,309,43,70,48,50,60,38,6,False,1.4583333333333333,Ghost-Grass
709,Trevenant,Ghost,Grass,474,85,110,76,65,82,56,6,False,1.4473684210526316,Ghost-Grass
710,PumpkabooAverage Size,Ghost,Grass,335,49,66,70,44,55,51,6,False,0.9428571428571428,Ghost-Grass
710,PumpkabooSmall Size,Ghost,Grass,335,44,66,70,44,55,56,6,False,0.9428571428571428,Ghost-Grass
710,PumpkabooLarge Size,Ghost,Grass,335,54,66,70,44,55,46,6,False,0.9428571428571428,Ghost-Grass
710,PumpkabooSuper Size,Ghost,Grass,335,59,66,70,44,55,41,6,False,0.9428571428571428,Ghost-Grass
711,GourgeistAverage Size,Ghost,Grass,494,65,90,122,58,75,84,6,False,0.7377049180327869,Ghost-Grass
711,GourgeistSmall Size,Ghost,Grass,494,55,85,122,58,75,99,6,False,0.6967213114754098,Ghost-Grass
711,GourgeistLarge Size,Ghost,Grass,494,75,95,122,58,75,69,6,False,0.7786885245901639,Ghost-Grass
711,GourgeistSuper Size,Ghost,Grass,494,85,100,122,58,75,54,6,False,0.819672131147541,Ghost-Grass
712,Bergmite,Ice,,304,55,69,85,32,35,28,6,False,0.8117647058823529,Ice
713,Avalugg,Ice,,514,95,117,184,44,46,28,6,False,0.6358695652173914,Ice
714,Noibat,Flying,Dragon,245,40,30,35,45,40,55,6,False,0.8571428571428571,Flying-Dragon
715,Noivern,Flying,Dragon,535,85,70,80,97,80,123,6,False,0.875,Flying-Dragon
716,Xerneas,Fairy,,680,126,131,95,131,98,99,6,True,1.3789473684210527,Fairy
717,Yveltal,Dark,Flying,680,126,131,95,131,98,99,6,True,1.3789473684210527,Dark-Flying
718,Zygarde50% Forme,Dragon,Ground,600,108,100,121,81,95,95,6,True,0.8264462809917356,Dragon-Ground
719,Diancie,Rock,Fairy,600,50,100,150,100,150,50,6,True,0.6666666666666666,Rock-Fairy
719,Mega Diancie,Rock,Fairy,700,50,160,110,160,110,110,6,True,1.4545454545454546,Rock-Fairy
720,HoopaHoopa Confined,Psychic,Ghost,600,80,110,60,150,130,70,6,True,1.8333333333333333,Psychic-Ghost
720,HoopaHoopa Unbound,Psychic,Dark,680,80,160,60,170,130,80,6,True,2.6666666666666665,Psychic-Dark
721,Volcanion,Fire,Water,600,80,110,120,130,90,70,6,True,0.9166666666666666,Fire-Water
